<mxGraphModel dx="1807" dy="1145" grid="1" gridSize="10" guides="1" tooltips="1" connect="1" fold="1" page="1" pageScale="1" pageWidth="826" pageHeight="1169" style="default-style2" math="0">
  <root>
    <mxCell id="0"/>
    <mxCell id="1" parent="0"/>
    <mxCell id="2" value="Helvetica 12" style="text;verticalAlign=middle" vertex="1" parent="1">
      <mxGeometry x="40" y="130" width="100" height="40" as="geometry"/>
    </mxCell>
    <mxCell id="3" value="Language&#xa;Typeface" style="text" vertex="1" parent="1">
      <mxGeometry x="40" y="40" width="110" height="40" as="geometry"/>
    </mxCell>
    <mxCell id="4" value="English" style="text" vertex="1" parent="1">
      <mxGeometry x="190" y="40" width="90" height="40" as="geometry"/>
    </mxCell>
    <mxCell id="5" value="German" style="text" vertex="1" parent="1">
      <mxGeometry x="320" y="40" width="90" height="40" as="geometry"/>
    </mxCell>
    <mxCell id="6" value="Russian" style="text" vertex="1" parent="1">
      <mxGeometry x="460" y="40" width="90" height="40" as="geometry"/>
    </mxCell>
    <mxCell id="7" value="Greek" style="text" vertex="1" parent="1">
      <mxGeometry x="580" y="40" width="90" height="40" as="geometry"/>
    </mxCell>
    <mxCell id="8" value="Arabic" style="text" vertex="1" parent="1">
      <mxGeometry x="705" y="40" width="90" height="40" as="geometry"/>
    </mxCell>
    <mxCell id="9" value="Hebrew" style="text" vertex="1" parent="1">
      <mxGeometry x="835" y="40" width="90" height="40" as="geometry"/>
    </mxCell>
    <mxCell id="12" value="Thai" style="text" vertex="1" parent="1">
      <mxGeometry x="940" y="40" width="90" height="40" as="geometry"/>
    </mxCell>
    <mxCell id="13" value="Chinese&#xa;ideograph" style="text" vertex="1" parent="1">
      <mxGeometry x="1190" y="40" width="90" height="40" as="geometry"/>
    </mxCell>
    <mxCell id="14" value="Japanese" style="text" vertex="1" parent="1">
      <mxGeometry x="1290" y="40" width="90" height="40" as="geometry"/>
    </mxCell>
    <mxCell id="15" value="Korean&#xa;ideograph" style="text" vertex="1" parent="1">
      <mxGeometry x="1425" y="40" width="90" height="40" as="geometry"/>
    </mxCell>
    <mxCell id="16" value="Tamil" style="text" vertex="1" parent="1">
      <mxGeometry x="1545" y="40" width="90" height="40" as="geometry"/>
    </mxCell>
    <mxCell id="17" value="Persian" style="text" vertex="1" parent="1">
      <mxGeometry x="1655" y="40" width="90" height="40" as="geometry"/>
    </mxCell>
    <mxCell id="18" value="The quick brown fox jumps over the lazy dog" style="html=1;whiteSpace=wrap;verticalAlign=middle" vertex="1" parent="1">
      <mxGeometry x="190" y="125" width="90" height="65" as="geometry"/>
    </mxCell>
    <mxCell id="19" value="&lt;p&gt;&lt;span&gt;Victor jagt zw&amp;ouml;lf Boxk&amp;auml;mpfer quer &amp;uuml;ber den gro&amp;szlig;en Sylter Deich&lt;/span&gt;&lt;/p&gt;" style="html=1;whiteSpace=wrap;verticalAlign=middle" vertex="1" parent="1">
      <mxGeometry x="320" y="130" width="90" height="90" as="geometry"/>
    </mxCell>
    <mxCell id="20" value="&lt;p&gt;&lt;span&gt;Эх, чужак, общий съём цен шляп (юфть) &amp;ndash; вдрызг!&lt;/span&gt;&lt;/p&gt;" style="html=1;whiteSpace=wrap;verticalAlign=middle" vertex="1" parent="1">
      <mxGeometry x="460" y="130" width="90" height="90" as="geometry"/>
    </mxCell>
    <mxCell id="21" value="&lt;p&gt;&lt;span&gt;&amp;Zeta;&amp;alpha;&amp;phi;&amp;epsilon;ί&amp;rho;&amp;iota; &amp;delta;έ&amp;xi;&amp;omicron;&amp;upsilon; &amp;pi;ά&amp;gamma;&amp;kappa;&amp;alpha;&amp;lambda;&amp;omicron;, &amp;beta;&amp;alpha;&amp;theta;ῶ&amp;nu; &amp;psi;&amp;upsilon;&amp;chi;ῆ&amp;sigmaf; &amp;tau;ὸ &amp;sigma;ῆ&amp;mu;&amp;alpha;.&lt;/span&gt;&lt;/p&gt;" style="html=1;whiteSpace=wrap;verticalAlign=middle" vertex="1" parent="1">
      <mxGeometry x="580" y="130" width="90" height="70" as="geometry"/>
    </mxCell>
    <mxCell id="22" value="&lt;p&gt;&lt;span&gt;صِف خَلقَ خَودِ كَمِثلِ الشَمسِ إِذ بَزَغَت &amp;mdash; يَحظى الضَجيعُ بِها نَجلاءَ مِعطارِ&lt;/span&gt;&lt;/p&gt;" style="html=1;whiteSpace=wrap;verticalAlign=middle" vertex="1" parent="1">
      <mxGeometry x="705" y="130" width="90" height="90" as="geometry"/>
    </mxCell>
    <mxCell id="23" value="&lt;p&gt;&lt;span&gt;דג סקרן שט בים מאוכזב ולפתע מצא חברה&lt;/span&gt;&lt;/p&gt;" style="html=1;whiteSpace=wrap;verticalAlign=middle" vertex="1" parent="1">
      <mxGeometry x="835" y="130" width="90" height="50" as="geometry"/>
    </mxCell>
    <mxCell id="26" value="&lt;p&gt;&lt;span&gt;เป็นมนุษย์สุดประเสริฐเลิศคุณค่า กว่าบรรดาฝูงสัตว์เดรัจฉาน จงฝ่าฟันพัฒนาวิชาการ อย่าล้างผลาญฤๅเข่นฆ่าบีฑาใคร ไม่ถือโทษโกรธแช่งซัดฮึดฮัดด่า หัดอภัยเหมือนกีฬาอัชฌาสัย ปฏิบัติประพฤติกฎกำหนดใจ พูดจาให้จ๊ะๆ จ๋าๆ น่าฟังเอยฯ&lt;/span&gt;&lt;/p&gt;" style="html=1;whiteSpace=wrap;verticalAlign=middle" vertex="1" parent="1">
      <mxGeometry x="940" y="130" width="240" height="110" as="geometry"/>
    </mxCell>
    <mxCell id="27" value="&lt;p&gt;&lt;span&gt;中国智造，慧及全球&lt;/span&gt;&lt;/p&gt;" style="html=1;whiteSpace=wrap;verticalAlign=middle" vertex="1" parent="1">
      <mxGeometry x="1190" y="130" width="90" height="40" as="geometry"/>
    </mxCell>
    <mxCell id="28" value="&lt;p&gt;&lt;span&gt;いろはにほへと ちりぬるを わかよたれそ つねならむ うゐのおくやま けふこえて あさきゆめみし ゑひもせす&lt;/span&gt;&lt;/p&gt;" style="html=1;whiteSpace=wrap;verticalAlign=middle" vertex="1" parent="1">
      <mxGeometry x="1290" y="130" width="120" height="110" as="geometry"/>
    </mxCell>
    <mxCell id="29" value="&lt;p&gt;&lt;span&gt;키스의 고유조건은 입술끼리 만나야 하고 특별한 기술은 필요치 않다.&lt;/span&gt;&lt;/p&gt;" style="html=1;whiteSpace=wrap;verticalAlign=middle" vertex="1" parent="1">
      <mxGeometry x="1425" y="130" width="90" height="80" as="geometry"/>
    </mxCell>
    <mxCell id="30" value="&lt;p&gt;&lt;span&gt;சில நாடுகளில் இது சாத்தியமில்லாது போகலாம். அவ்வாறாயின்&amp;nbsp;&lt;/span&gt;&lt;/p&gt;" style="html=1;whiteSpace=wrap;verticalAlign=middle" vertex="1" parent="1">
      <mxGeometry x="1545" y="130" width="90" height="90" as="geometry"/>
    </mxCell>
    <mxCell id="31" value="&lt;p&gt;&lt;span&gt;بر اثر چنین تلقین و شستشوی مغزی جامعی، سطح و پایه&amp;zwnj;ی ذهن و فهم و نظر بعضی اشخاص واژگونه و معکوس می&amp;zwnj;شود.&amp;rlm;&lt;/span&gt;&lt;/p&gt;" style="html=1;whiteSpace=wrap;verticalAlign=middle" vertex="1" parent="1">
      <mxGeometry x="1655" y="130" width="90" height="130" as="geometry"/>
    </mxCell>
    <mxCell id="32" value="Scottish&#xa;Gaelic" style="text" vertex="1" parent="1">
      <mxGeometry x="1775" y="40" width="90" height="40" as="geometry"/>
    </mxCell>
    <mxCell id="33" value="Persian" style="text" vertex="1" parent="1">
      <mxGeometry x="1895" y="40" width="90" height="40" as="geometry"/>
    </mxCell>
    <mxCell id="34" value="&lt;p&gt;&lt;span&gt;Mus d&#39;fh&amp;agrave;g C&amp;egrave;it-&amp;Ugrave;na r&amp;ograve;p &amp;Igrave; le ob.&lt;/span&gt;&lt;/p&gt;" style="html=1;whiteSpace=wrap;verticalAlign=middle" vertex="1" parent="1">
      <mxGeometry x="1775" y="130" width="90" height="50" as="geometry"/>
    </mxCell>
    <mxCell id="35" value="&lt;p&gt;&lt;span&gt;بر اثر چنین تلقین و شستشوی مغزی جامعی، سطح و پایه&amp;zwnj;ی ذهن و فهم و نظر بعضی اشخاص واژگونه و معکوس می&amp;zwnj;شود.&amp;rlm;&lt;/span&gt;&lt;/p&gt;" style="html=1;whiteSpace=wrap;verticalAlign=middle" vertex="1" parent="1">
      <mxGeometry x="1895" y="130" width="90" height="120" as="geometry"/>
    </mxCell>
    <mxCell id="36" value="Turkish" style="text" vertex="1" parent="1">
      <mxGeometry x="2025" y="40" width="90" height="40" as="geometry"/>
    </mxCell>
    <mxCell id="37" value="&lt;p&gt;&lt;span&gt;Pijamalı hasta yağız şof&amp;ouml;re &amp;ccedil;abucak g&amp;uuml;vendi&lt;/span&gt;&lt;/p&gt;" style="html=1;whiteSpace=wrap;verticalAlign=middle" vertex="1" parent="1">
      <mxGeometry x="2025" y="130" width="90" height="80" as="geometry"/>
    </mxCell>
    <mxCell id="38" value="Urdu" style="text" vertex="1" parent="1">
      <mxGeometry x="2147" y="40" width="90" height="40" as="geometry"/>
    </mxCell>
    <mxCell id="39" value="&lt;p&gt;&lt;span&gt;ژالہ باری میں ر&amp;zwnj;ضائی کو غلط اوڑھے بیٹھی قرۃ العین اور عظمٰی کے پاس گھر کے ذخیرے سے آناً فاناً ڈش میں ثابت جو، صراحی میں چائے اور پلیٹ میں زردہ آیا۔&lt;/span&gt;&lt;/p&gt;" style="html=1;whiteSpace=wrap;verticalAlign=middle" vertex="1" parent="1">
      <mxGeometry x="2147" y="130" width="143" height="120" as="geometry"/>
    </mxCell>
    <mxCell id="40" value="Helvetica&#xa;Italic 12" style="text;fontStyle=2;verticalAlign=middle" vertex="1" parent="1">
      <mxGeometry x="40" y="290" width="100" height="40" as="geometry"/>
    </mxCell>
    <mxCell id="41" value="The quick brown fox jumps over the lazy dog" style="html=1;whiteSpace=wrap;fontStyle=2;verticalAlign=middle" vertex="1" parent="1">
      <mxGeometry x="190" y="290" width="90" height="60" as="geometry"/>
    </mxCell>
    <mxCell id="42" value="&lt;p&gt;&lt;span&gt;Victor jagt zw&amp;ouml;lf Boxk&amp;auml;mpfer quer &amp;uuml;ber den gro&amp;szlig;en Sylter Deich&lt;/span&gt;&lt;/p&gt;" style="html=1;whiteSpace=wrap;fontStyle=2;verticalAlign=middle" vertex="1" parent="1">
      <mxGeometry x="320" y="290" width="90" height="90" as="geometry"/>
    </mxCell>
    <mxCell id="43" value="&lt;p&gt;&lt;span&gt;Эх, чужак, общий съём цен шляп (юфть) &amp;ndash; вдрызг!&lt;/span&gt;&lt;/p&gt;" style="html=1;whiteSpace=wrap;fontStyle=2;verticalAlign=middle" vertex="1" parent="1">
      <mxGeometry x="460" y="290" width="90" height="90" as="geometry"/>
    </mxCell>
    <mxCell id="44" value="&lt;p&gt;&lt;span&gt;&amp;Zeta;&amp;alpha;&amp;phi;&amp;epsilon;ί&amp;rho;&amp;iota; &amp;delta;έ&amp;xi;&amp;omicron;&amp;upsilon; &amp;pi;ά&amp;gamma;&amp;kappa;&amp;alpha;&amp;lambda;&amp;omicron;, &amp;beta;&amp;alpha;&amp;theta;ῶ&amp;nu; &amp;psi;&amp;upsilon;&amp;chi;ῆ&amp;sigmaf; &amp;tau;ὸ &amp;sigma;ῆ&amp;mu;&amp;alpha;.&lt;/span&gt;&lt;/p&gt;" style="html=1;whiteSpace=wrap;fontStyle=2;verticalAlign=middle" vertex="1" parent="1">
      <mxGeometry x="580" y="290" width="90" height="70" as="geometry"/>
    </mxCell>
    <mxCell id="45" value="&lt;p&gt;&lt;span&gt;صِف خَلقَ خَودِ كَمِثلِ الشَمسِ إِذ بَزَغَت &amp;mdash; يَحظى الضَجيعُ بِها نَجلاءَ مِعطارِ&lt;/span&gt;&lt;/p&gt;" style="html=1;whiteSpace=wrap;fontStyle=2;verticalAlign=middle" vertex="1" parent="1">
      <mxGeometry x="705" y="290" width="90" height="90" as="geometry"/>
    </mxCell>
    <mxCell id="46" value="&lt;p&gt;&lt;span&gt;דג סקרן שט בים מאוכזב ולפתע מצא חברה&lt;/span&gt;&lt;/p&gt;" style="html=1;whiteSpace=wrap;fontStyle=2;verticalAlign=middle" vertex="1" parent="1">
      <mxGeometry x="835" y="290" width="90" height="50" as="geometry"/>
    </mxCell>
    <mxCell id="47" value="&lt;p&gt;&lt;span&gt;เป็นมนุษย์สุดประเสริฐเลิศคุณค่า กว่าบรรดาฝูงสัตว์เดรัจฉาน จงฝ่าฟันพัฒนาวิชาการ อย่าล้างผลาญฤๅเข่นฆ่าบีฑาใคร ไม่ถือโทษโกรธแช่งซัดฮึดฮัดด่า หัดอภัยเหมือนกีฬาอัชฌาสัย ปฏิบัติประพฤติกฎกำหนดใจ พูดจาให้จ๊ะๆ จ๋าๆ น่าฟังเอยฯ&lt;/span&gt;&lt;/p&gt;" style="html=1;whiteSpace=wrap;fontStyle=2;verticalAlign=middle" vertex="1" parent="1">
      <mxGeometry x="940" y="290" width="240" height="110" as="geometry"/>
    </mxCell>
    <mxCell id="48" value="&lt;p&gt;&lt;span&gt;中国智造，慧及全球&lt;/span&gt;&lt;/p&gt;" style="html=1;whiteSpace=wrap;fontStyle=2;verticalAlign=middle" vertex="1" parent="1">
      <mxGeometry x="1190" y="290" width="90" height="40" as="geometry"/>
    </mxCell>
    <mxCell id="49" value="&lt;p&gt;&lt;span&gt;いろはにほへと ちりぬるを わかよたれそ つねならむ うゐのおくやま けふこえて あさきゆめみし ゑひもせす&lt;/span&gt;&lt;/p&gt;" style="html=1;whiteSpace=wrap;fontStyle=2;verticalAlign=middle" vertex="1" parent="1">
      <mxGeometry x="1290" y="290" width="120" height="110" as="geometry"/>
    </mxCell>
    <mxCell id="50" value="&lt;p&gt;&lt;span&gt;키스의 고유조건은 입술끼리 만나야 하고 특별한 기술은 필요치 않다.&lt;/span&gt;&lt;/p&gt;" style="html=1;whiteSpace=wrap;fontStyle=2;verticalAlign=middle" vertex="1" parent="1">
      <mxGeometry x="1425" y="290" width="90" height="80" as="geometry"/>
    </mxCell>
    <mxCell id="51" value="&lt;p&gt;&lt;span&gt;சில நாடுகளில் இது சாத்தியமில்லாது போகலாம். அவ்வாறாயின்&amp;nbsp;&lt;/span&gt;&lt;/p&gt;" style="html=1;whiteSpace=wrap;fontStyle=2;verticalAlign=middle" vertex="1" parent="1">
      <mxGeometry x="1545" y="290" width="90" height="90" as="geometry"/>
    </mxCell>
    <mxCell id="52" value="&lt;p&gt;&lt;span&gt;بر اثر چنین تلقین و شستشوی مغزی جامعی، سطح و پایه&amp;zwnj;ی ذهن و فهم و نظر بعضی اشخاص واژگونه و معکوس می&amp;zwnj;شود.&amp;rlm;&lt;/span&gt;&lt;/p&gt;" style="html=1;whiteSpace=wrap;fontStyle=3;verticalAlign=middle" vertex="1" parent="1">
      <mxGeometry x="1655" y="290" width="90" height="130" as="geometry"/>
    </mxCell>
    <mxCell id="53" value="&lt;p&gt;&lt;span&gt;Mus d&#39;fh&amp;agrave;g C&amp;egrave;it-&amp;Ugrave;na r&amp;ograve;p &amp;Igrave; le ob.&lt;/span&gt;&lt;/p&gt;" style="html=1;whiteSpace=wrap;fontStyle=2;verticalAlign=middle" vertex="1" parent="1">
      <mxGeometry x="1775" y="290" width="90" height="50" as="geometry"/>
    </mxCell>
    <mxCell id="54" value="&lt;p&gt;&lt;span&gt;بر اثر چنین تلقین و شستشوی مغزی جامعی، سطح و پایه&amp;zwnj;ی ذهن و فهم و نظر بعضی اشخاص واژگونه و معکوس می&amp;zwnj;شود.&amp;rlm;&lt;/span&gt;&lt;/p&gt;" style="html=1;whiteSpace=wrap;fontStyle=2;verticalAlign=middle" vertex="1" parent="1">
      <mxGeometry x="1895" y="290" width="90" height="120" as="geometry"/>
    </mxCell>
    <mxCell id="55" value="&lt;p&gt;&lt;span&gt;Pijamalı hasta yağız şof&amp;ouml;re &amp;ccedil;abucak g&amp;uuml;vendi&lt;/span&gt;&lt;/p&gt;" style="html=1;whiteSpace=wrap;fontStyle=2;verticalAlign=middle" vertex="1" parent="1">
      <mxGeometry x="2025" y="290" width="90" height="80" as="geometry"/>
    </mxCell>
    <mxCell id="56" value="&lt;p&gt;&lt;span&gt;ژالہ باری میں ر&amp;zwnj;ضائی کو غلط اوڑھے بیٹھی قرۃ العین اور عظمٰی کے پاس گھر کے ذخیرے سے آناً فاناً ڈش میں ثابت جو، صراحی میں چائے اور پلیٹ میں زردہ آیا۔&lt;/span&gt;&lt;/p&gt;" style="html=1;whiteSpace=wrap;fontStyle=2;verticalAlign=middle" vertex="1" parent="1">
      <mxGeometry x="2147" y="290" width="143" height="120" as="geometry"/>
    </mxCell>
    <mxCell id="57" value="Helvetica&#xa;size 9" style="text;fontStyle=0;fontSize=9;verticalAlign=middle" vertex="1" parent="1">
      <mxGeometry x="40" y="445" width="100" height="40" as="geometry"/>
    </mxCell>
    <mxCell id="58" value="The quick brown fox jumps over the lazy dog" style="html=1;whiteSpace=wrap;fontStyle=0;fontSize=9;verticalAlign=middle" vertex="1" parent="1">
      <mxGeometry x="190" y="445" width="90" height="60" as="geometry"/>
    </mxCell>
    <mxCell id="59" value="&lt;p&gt;&lt;span&gt;Victor jagt zw&amp;ouml;lf Boxk&amp;auml;mpfer quer &amp;uuml;ber den gro&amp;szlig;en Sylter Deich&lt;/span&gt;&lt;/p&gt;" style="html=1;whiteSpace=wrap;fontStyle=0;fontSize=9;verticalAlign=middle" vertex="1" parent="1">
      <mxGeometry x="320" y="445" width="90" height="90" as="geometry"/>
    </mxCell>
    <mxCell id="60" value="&lt;p&gt;&lt;span&gt;Эх, чужак, общий съём цен шляп (юфть) &amp;ndash; вдрызг!&lt;/span&gt;&lt;/p&gt;" style="html=1;whiteSpace=wrap;fontStyle=0;fontSize=9;verticalAlign=middle" vertex="1" parent="1">
      <mxGeometry x="460" y="445" width="90" height="90" as="geometry"/>
    </mxCell>
    <mxCell id="61" value="&lt;p&gt;&lt;span&gt;&amp;Zeta;&amp;alpha;&amp;phi;&amp;epsilon;ί&amp;rho;&amp;iota; &amp;delta;έ&amp;xi;&amp;omicron;&amp;upsilon; &amp;pi;ά&amp;gamma;&amp;kappa;&amp;alpha;&amp;lambda;&amp;omicron;, &amp;beta;&amp;alpha;&amp;theta;ῶ&amp;nu; &amp;psi;&amp;upsilon;&amp;chi;ῆ&amp;sigmaf; &amp;tau;ὸ &amp;sigma;ῆ&amp;mu;&amp;alpha;.&lt;/span&gt;&lt;/p&gt;" style="html=1;whiteSpace=wrap;fontStyle=0;fontSize=9;verticalAlign=middle" vertex="1" parent="1">
      <mxGeometry x="580" y="445" width="90" height="70" as="geometry"/>
    </mxCell>
    <mxCell id="62" value="&lt;p&gt;&lt;span&gt;صِف خَلقَ خَودِ كَمِثلِ الشَمسِ إِذ بَزَغَت &amp;mdash; يَحظى الضَجيعُ بِها نَجلاءَ مِعطارِ&lt;/span&gt;&lt;/p&gt;" style="html=1;whiteSpace=wrap;fontStyle=0;fontSize=9;verticalAlign=middle" vertex="1" parent="1">
      <mxGeometry x="705" y="445" width="90" height="90" as="geometry"/>
    </mxCell>
    <mxCell id="63" value="&lt;p&gt;&lt;span&gt;דג סקרן שט בים מאוכזב ולפתע מצא חברה&lt;/span&gt;&lt;/p&gt;" style="html=1;whiteSpace=wrap;fontStyle=0;fontSize=9;verticalAlign=middle" vertex="1" parent="1">
      <mxGeometry x="835" y="445" width="90" height="50" as="geometry"/>
    </mxCell>
    <mxCell id="64" value="&lt;p&gt;&lt;span&gt;เป็นมนุษย์สุดประเสริฐเลิศคุณค่า กว่าบรรดาฝูงสัตว์เดรัจฉาน จงฝ่าฟันพัฒนาวิชาการ อย่าล้างผลาญฤๅเข่นฆ่าบีฑาใคร ไม่ถือโทษโกรธแช่งซัดฮึดฮัดด่า หัดอภัยเหมือนกีฬาอัชฌาสัย ปฏิบัติประพฤติกฎกำหนดใจ พูดจาให้จ๊ะๆ จ๋าๆ น่าฟังเอยฯ&lt;/span&gt;&lt;/p&gt;" style="html=1;whiteSpace=wrap;fontStyle=0;fontSize=9;verticalAlign=middle" vertex="1" parent="1">
      <mxGeometry x="940" y="445" width="240" height="110" as="geometry"/>
    </mxCell>
    <mxCell id="65" value="&lt;p&gt;&lt;span&gt;中国智造，慧及全球&lt;/span&gt;&lt;/p&gt;" style="html=1;whiteSpace=wrap;fontStyle=0;fontSize=9;verticalAlign=middle" vertex="1" parent="1">
      <mxGeometry x="1190" y="445" width="90" height="40" as="geometry"/>
    </mxCell>
    <mxCell id="66" value="&lt;p&gt;&lt;span&gt;いろはにほへと ちりぬるを わかよたれそ つねならむ うゐのおくやま けふこえて あさきゆめみし ゑひもせす&lt;/span&gt;&lt;/p&gt;" style="html=1;whiteSpace=wrap;fontStyle=0;fontSize=9;verticalAlign=middle" vertex="1" parent="1">
      <mxGeometry x="1290" y="445" width="120" height="110" as="geometry"/>
    </mxCell>
    <mxCell id="67" value="&lt;p&gt;&lt;span&gt;키스의 고유조건은 입술끼리 만나야 하고 특별한 기술은 필요치 않다.&lt;/span&gt;&lt;/p&gt;" style="html=1;whiteSpace=wrap;fontStyle=0;fontSize=9;verticalAlign=middle" vertex="1" parent="1">
      <mxGeometry x="1425" y="445" width="90" height="80" as="geometry"/>
    </mxCell>
    <mxCell id="68" value="&lt;p&gt;&lt;span&gt;சில நாடுகளில் இது சாத்தியமில்லாது போகலாம். அவ்வாறாயின்&amp;nbsp;&lt;/span&gt;&lt;/p&gt;" style="html=1;whiteSpace=wrap;fontStyle=0;fontSize=9;verticalAlign=middle" vertex="1" parent="1">
      <mxGeometry x="1545" y="445" width="90" height="85" as="geometry"/>
    </mxCell>
    <mxCell id="69" value="&lt;p&gt;&lt;span&gt;بر اثر چنین تلقین و شستشوی مغزی جامعی، سطح و پایه&amp;zwnj;ی ذهن و فهم و نظر بعضی اشخاص واژگونه و معکوس می&amp;zwnj;شود.&amp;rlm;&lt;/span&gt;&lt;/p&gt;" style="html=1;whiteSpace=wrap;fontStyle=0;fontSize=9;verticalAlign=middle" vertex="1" parent="1">
      <mxGeometry x="1655" y="445" width="90" height="130" as="geometry"/>
    </mxCell>
    <mxCell id="70" value="&lt;p&gt;&lt;span&gt;Mus d&#39;fh&amp;agrave;g C&amp;egrave;it-&amp;Ugrave;na r&amp;ograve;p &amp;Igrave; le ob.&lt;/span&gt;&lt;/p&gt;" style="html=1;whiteSpace=wrap;fontStyle=0;fontSize=9;verticalAlign=middle" vertex="1" parent="1">
      <mxGeometry x="1775" y="445" width="90" height="50" as="geometry"/>
    </mxCell>
    <mxCell id="71" value="&lt;p&gt;&lt;span&gt;بر اثر چنین تلقین و شستشوی مغزی جامعی، سطح و پایه&amp;zwnj;ی ذهن و فهم و نظر بعضی اشخاص واژگونه و معکوس می&amp;zwnj;شود.&amp;rlm;&lt;/span&gt;&lt;/p&gt;" style="html=1;whiteSpace=wrap;fontStyle=0;fontSize=9;verticalAlign=middle" vertex="1" parent="1">
      <mxGeometry x="1895" y="445" width="90" height="120" as="geometry"/>
    </mxCell>
    <mxCell id="72" value="&lt;p&gt;&lt;span&gt;Pijamalı hasta yağız şof&amp;ouml;re &amp;ccedil;abucak g&amp;uuml;vendi&lt;/span&gt;&lt;/p&gt;" style="html=1;whiteSpace=wrap;fontStyle=0;fontSize=9;verticalAlign=middle" vertex="1" parent="1">
      <mxGeometry x="2025" y="445" width="90" height="80" as="geometry"/>
    </mxCell>
    <mxCell id="73" value="&lt;p&gt;&lt;span&gt;ژالہ باری میں ر&amp;zwnj;ضائی کو غلط اوڑھے بیٹھی قرۃ العین اور عظمٰی کے پاس گھر کے ذخیرے سے آناً فاناً ڈش میں ثابت جو، صراحی میں چائے اور پلیٹ میں زردہ آیا۔&lt;/span&gt;&lt;/p&gt;" style="html=1;whiteSpace=wrap;fontStyle=0;fontSize=9;verticalAlign=middle" vertex="1" parent="1">
      <mxGeometry x="2147" y="445" width="143" height="120" as="geometry"/>
    </mxCell>
    <mxCell id="74" value="Times New Roman&#xa;12" style="text;fontStyle=0;fontSize=12;fontFamily=Times New Roman;verticalAlign=middle" vertex="1" parent="1">
      <mxGeometry x="40" y="590" width="100" height="40" as="geometry"/>
    </mxCell>
    <mxCell id="75" value="The quick brown fox jumps over the lazy dog" style="html=1;whiteSpace=wrap;fontStyle=0;fontSize=12;fontFamily=Times New Roman;verticalAlign=middle" vertex="1" parent="1">
      <mxGeometry x="190" y="590" width="90" height="60" as="geometry"/>
    </mxCell>
    <mxCell id="76" value="&lt;p&gt;&lt;span&gt;Victor jagt zw&amp;ouml;lf Boxk&amp;auml;mpfer quer &amp;uuml;ber den gro&amp;szlig;en Sylter Deich&lt;/span&gt;&lt;/p&gt;" style="html=1;whiteSpace=wrap;fontStyle=0;fontSize=12;fontFamily=Times New Roman;verticalAlign=middle" vertex="1" parent="1">
      <mxGeometry x="320" y="590" width="90" height="90" as="geometry"/>
    </mxCell>
    <mxCell id="77" value="&lt;p&gt;&lt;span&gt;Эх, чужак, общий съём цен шляп (юфть) &amp;ndash; вдрызг!&lt;/span&gt;&lt;/p&gt;" style="html=1;whiteSpace=wrap;fontStyle=0;fontSize=12;fontFamily=Times New Roman;verticalAlign=middle" vertex="1" parent="1">
      <mxGeometry x="460" y="590" width="90" height="90" as="geometry"/>
    </mxCell>
    <mxCell id="78" value="&lt;p&gt;&lt;span&gt;&amp;Zeta;&amp;alpha;&amp;phi;&amp;epsilon;ί&amp;rho;&amp;iota; &amp;delta;έ&amp;xi;&amp;omicron;&amp;upsilon; &amp;pi;ά&amp;gamma;&amp;kappa;&amp;alpha;&amp;lambda;&amp;omicron;, &amp;beta;&amp;alpha;&amp;theta;ῶ&amp;nu; &amp;psi;&amp;upsilon;&amp;chi;ῆ&amp;sigmaf; &amp;tau;ὸ &amp;sigma;ῆ&amp;mu;&amp;alpha;.&lt;/span&gt;&lt;/p&gt;" style="html=1;whiteSpace=wrap;fontStyle=0;fontSize=12;fontFamily=Times New Roman;verticalAlign=middle" vertex="1" parent="1">
      <mxGeometry x="580" y="590" width="90" height="70" as="geometry"/>
    </mxCell>
    <mxCell id="79" value="&lt;p&gt;&lt;span&gt;صِف خَلقَ خَودِ كَمِثلِ الشَمسِ إِذ بَزَغَت &amp;mdash; يَحظى الضَجيعُ بِها نَجلاءَ مِعطارِ&lt;/span&gt;&lt;/p&gt;" style="html=1;whiteSpace=wrap;fontStyle=0;fontSize=12;fontFamily=Times New Roman;verticalAlign=middle" vertex="1" parent="1">
      <mxGeometry x="705" y="590" width="90" height="90" as="geometry"/>
    </mxCell>
    <mxCell id="80" value="&lt;p&gt;&lt;span&gt;דג סקרן שט בים מאוכזב ולפתע מצא חברה&lt;/span&gt;&lt;/p&gt;" style="html=1;whiteSpace=wrap;fontStyle=0;fontSize=12;fontFamily=Times New Roman;verticalAlign=middle" vertex="1" parent="1">
      <mxGeometry x="835" y="590" width="90" height="50" as="geometry"/>
    </mxCell>
    <mxCell id="81" value="&lt;p&gt;&lt;span&gt;เป็นมนุษย์สุดประเสริฐเลิศคุณค่า กว่าบรรดาฝูงสัตว์เดรัจฉาน จงฝ่าฟันพัฒนาวิชาการ อย่าล้างผลาญฤๅเข่นฆ่าบีฑาใคร ไม่ถือโทษโกรธแช่งซัดฮึดฮัดด่า หัดอภัยเหมือนกีฬาอัชฌาสัย ปฏิบัติประพฤติกฎกำหนดใจ พูดจาให้จ๊ะๆ จ๋าๆ น่าฟังเอยฯ&lt;/span&gt;&lt;/p&gt;" style="html=1;whiteSpace=wrap;fontStyle=0;fontSize=12;fontFamily=Times New Roman;verticalAlign=middle" vertex="1" parent="1">
      <mxGeometry x="940" y="590" width="240" height="110" as="geometry"/>
    </mxCell>
    <mxCell id="82" value="&lt;p&gt;&lt;span&gt;中国智造，慧及全球&lt;/span&gt;&lt;/p&gt;" style="html=1;whiteSpace=wrap;fontStyle=0;fontSize=12;fontFamily=Times New Roman;verticalAlign=middle" vertex="1" parent="1">
      <mxGeometry x="1190" y="590" width="90" height="40" as="geometry"/>
    </mxCell>
    <mxCell id="83" value="&lt;p&gt;&lt;span&gt;いろはにほへと ちりぬるを わかよたれそ つねならむ うゐのおくやま けふこえて あさきゆめみし ゑひもせす&lt;/span&gt;&lt;/p&gt;" style="html=1;whiteSpace=wrap;fontStyle=0;fontSize=12;fontFamily=Times New Roman;verticalAlign=middle" vertex="1" parent="1">
      <mxGeometry x="1290" y="590" width="120" height="110" as="geometry"/>
    </mxCell>
    <mxCell id="84" value="&lt;p&gt;&lt;span&gt;키스의 고유조건은 입술끼리 만나야 하고 특별한 기술은 필요치 않다.&lt;/span&gt;&lt;/p&gt;" style="html=1;whiteSpace=wrap;fontStyle=0;fontSize=12;fontFamily=Times New Roman;verticalAlign=middle" vertex="1" parent="1">
      <mxGeometry x="1425" y="590" width="90" height="80" as="geometry"/>
    </mxCell>
    <mxCell id="85" value="&lt;p&gt;&lt;span&gt;சில நாடுகளில் இது சாத்தியமில்லாது போகலாம். அவ்வாறாயின்&amp;nbsp;&lt;/span&gt;&lt;/p&gt;" style="html=1;whiteSpace=wrap;fontStyle=0;fontSize=12;fontFamily=Times New Roman;verticalAlign=middle" vertex="1" parent="1">
      <mxGeometry x="1545" y="590" width="90" height="90" as="geometry"/>
    </mxCell>
    <mxCell id="86" value="&lt;p&gt;&lt;span&gt;بر اثر چنین تلقین و شستشوی مغزی جامعی، سطح و پایه&amp;zwnj;ی ذهن و فهم و نظر بعضی اشخاص واژگونه و معکوس می&amp;zwnj;شود.&amp;rlm;&lt;/span&gt;&lt;/p&gt;" style="html=1;whiteSpace=wrap;fontStyle=0;fontSize=12;fontFamily=Times New Roman;verticalAlign=middle" vertex="1" parent="1">
      <mxGeometry x="1655" y="590" width="90" height="130" as="geometry"/>
    </mxCell>
    <mxCell id="87" value="&lt;p&gt;&lt;span&gt;Mus d&#39;fh&amp;agrave;g C&amp;egrave;it-&amp;Ugrave;na r&amp;ograve;p &amp;Igrave; le ob.&lt;/span&gt;&lt;/p&gt;" style="html=1;whiteSpace=wrap;fontStyle=0;fontSize=12;fontFamily=Times New Roman;verticalAlign=middle" vertex="1" parent="1">
      <mxGeometry x="1775" y="590" width="90" height="50" as="geometry"/>
    </mxCell>
    <mxCell id="88" value="&lt;p&gt;&lt;span&gt;بر اثر چنین تلقین و شستشوی مغزی جامعی، سطح و پایه&amp;zwnj;ی ذهن و فهم و نظر بعضی اشخاص واژگونه و معکوس می&amp;zwnj;شود.&amp;rlm;&lt;/span&gt;&lt;/p&gt;" style="html=1;whiteSpace=wrap;fontStyle=0;fontSize=12;fontFamily=Times New Roman;verticalAlign=middle" vertex="1" parent="1">
      <mxGeometry x="1895" y="590" width="90" height="120" as="geometry"/>
    </mxCell>
    <mxCell id="89" value="&lt;p&gt;&lt;span&gt;Pijamalı hasta yağız şof&amp;ouml;re &amp;ccedil;abucak g&amp;uuml;vendi&lt;/span&gt;&lt;/p&gt;" style="html=1;whiteSpace=wrap;fontStyle=0;fontSize=12;fontFamily=Times New Roman;verticalAlign=middle" vertex="1" parent="1">
      <mxGeometry x="2025" y="590" width="90" height="80" as="geometry"/>
    </mxCell>
    <mxCell id="90" value="&lt;p&gt;&lt;span&gt;ژالہ باری میں ر&amp;zwnj;ضائی کو غلط اوڑھے بیٹھی قرۃ العین اور عظمٰی کے پاس گھر کے ذخیرے سے آناً فاناً ڈش میں ثابت جو، صراحی میں چائے اور پلیٹ میں زردہ آیا۔&lt;/span&gt;&lt;/p&gt;" style="html=1;whiteSpace=wrap;fontStyle=0;fontSize=12;fontFamily=Times New Roman;verticalAlign=middle" vertex="1" parent="1">
      <mxGeometry x="2147" y="590" width="143" height="120" as="geometry"/>
    </mxCell>
    <mxCell id="91" value="Courier New 12" style="text;fontStyle=0;fontSize=12;fontFamily=Courier New;verticalAlign=middle" vertex="1" parent="1">
      <mxGeometry x="40" y="725" width="100" height="40" as="geometry"/>
    </mxCell>
    <mxCell id="92" value="The quick brown fox jumps over the lazy dog" style="html=1;whiteSpace=wrap;fontStyle=0;fontSize=12;fontFamily=Courier New;verticalAlign=middle" vertex="1" parent="1">
      <mxGeometry x="190" y="725" width="90" height="60" as="geometry"/>
    </mxCell>
    <mxCell id="93" value="&lt;p&gt;&lt;span&gt;Victor jagt zw&amp;ouml;lf Boxk&amp;auml;mpfer quer &amp;uuml;ber den gro&amp;szlig;en Sylter Deich&lt;/span&gt;&lt;/p&gt;" style="html=1;whiteSpace=wrap;fontStyle=0;fontSize=12;fontFamily=Courier New;verticalAlign=middle" vertex="1" parent="1">
      <mxGeometry x="320" y="725" width="90" height="90" as="geometry"/>
    </mxCell>
    <mxCell id="94" value="&lt;p&gt;&lt;span&gt;Эх, чужак, общий съём цен шляп (юфть) &amp;ndash; вдрызг!&lt;/span&gt;&lt;/p&gt;" style="html=1;whiteSpace=wrap;fontStyle=0;fontSize=12;fontFamily=Courier New;verticalAlign=middle" vertex="1" parent="1">
      <mxGeometry x="460" y="725" width="90" height="90" as="geometry"/>
    </mxCell>
    <mxCell id="95" value="&lt;p&gt;&lt;span&gt;&amp;Zeta;&amp;alpha;&amp;phi;&amp;epsilon;ί&amp;rho;&amp;iota; &amp;delta;έ&amp;xi;&amp;omicron;&amp;upsilon; &amp;pi;ά&amp;gamma;&amp;kappa;&amp;alpha;&amp;lambda;&amp;omicron;, &amp;beta;&amp;alpha;&amp;theta;ῶ&amp;nu; &amp;psi;&amp;upsilon;&amp;chi;ῆ&amp;sigmaf; &amp;tau;ὸ &amp;sigma;ῆ&amp;mu;&amp;alpha;.&lt;/span&gt;&lt;/p&gt;" style="html=1;whiteSpace=wrap;fontStyle=0;fontSize=12;fontFamily=Courier New;verticalAlign=middle" vertex="1" parent="1">
      <mxGeometry x="580" y="725" width="90" height="70" as="geometry"/>
    </mxCell>
    <mxCell id="96" value="&lt;p&gt;&lt;span&gt;صِف خَلقَ خَودِ كَمِثلِ الشَمسِ إِذ بَزَغَت &amp;mdash; يَحظى الضَجيعُ بِها نَجلاءَ مِعطارِ&lt;/span&gt;&lt;/p&gt;" style="html=1;whiteSpace=wrap;fontStyle=0;fontSize=12;fontFamily=Courier New;verticalAlign=middle" vertex="1" parent="1">
      <mxGeometry x="705" y="725" width="90" height="90" as="geometry"/>
    </mxCell>
    <mxCell id="97" value="&lt;p&gt;&lt;span&gt;דג סקרן שט בים מאוכזב ולפתע מצא חברה&lt;/span&gt;&lt;/p&gt;" style="html=1;whiteSpace=wrap;fontStyle=0;fontSize=12;fontFamily=Courier New;verticalAlign=middle" vertex="1" parent="1">
      <mxGeometry x="835" y="725" width="90" height="65" as="geometry"/>
    </mxCell>
    <mxCell id="98" value="&lt;p&gt;&lt;span&gt;เป็นมนุษย์สุดประเสริฐเลิศคุณค่า กว่าบรรดาฝูงสัตว์เดรัจฉาน จงฝ่าฟันพัฒนาวิชาการ อย่าล้างผลาญฤๅเข่นฆ่าบีฑาใคร ไม่ถือโทษโกรธแช่งซัดฮึดฮัดด่า หัดอภัยเหมือนกีฬาอัชฌาสัย ปฏิบัติประพฤติกฎกำหนดใจ พูดจาให้จ๊ะๆ จ๋าๆ น่าฟังเอยฯ&lt;/span&gt;&lt;/p&gt;" style="html=1;whiteSpace=wrap;fontStyle=0;fontSize=12;fontFamily=Courier New;verticalAlign=middle" vertex="1" parent="1">
      <mxGeometry x="940" y="725" width="240" height="125" as="geometry"/>
    </mxCell>
    <mxCell id="99" value="&lt;p&gt;&lt;span&gt;中国智造，慧及全球&lt;/span&gt;&lt;/p&gt;" style="html=1;whiteSpace=wrap;fontStyle=0;fontSize=12;fontFamily=Courier New;verticalAlign=middle" vertex="1" parent="1">
      <mxGeometry x="1190" y="725" width="90" height="40" as="geometry"/>
    </mxCell>
    <mxCell id="100" value="&lt;p&gt;&lt;span&gt;いろはにほへと ちりぬるを わかよたれそ つねならむ うゐのおくやま けふこえて あさきゆめみし ゑひもせす&lt;/span&gt;&lt;/p&gt;" style="html=1;whiteSpace=wrap;fontStyle=0;fontSize=12;fontFamily=Courier New;verticalAlign=middle" vertex="1" parent="1">
      <mxGeometry x="1290" y="725" width="120" height="110" as="geometry"/>
    </mxCell>
    <mxCell id="101" value="&lt;p&gt;&lt;span&gt;키스의 고유조건은 입술끼리 만나야 하고 특별한 기술은 필요치 않다.&lt;/span&gt;&lt;/p&gt;" style="html=1;whiteSpace=wrap;fontStyle=0;fontSize=12;fontFamily=Courier New;verticalAlign=middle" vertex="1" parent="1">
      <mxGeometry x="1425" y="725" width="90" height="80" as="geometry"/>
    </mxCell>
    <mxCell id="102" value="&lt;p&gt;&lt;span&gt;சில நாடுகளில் இது சாத்தியமில்லாது போகலாம். அவ்வாறாயின்&amp;nbsp;&lt;/span&gt;&lt;/p&gt;" style="html=1;whiteSpace=wrap;fontStyle=0;fontSize=12;fontFamily=Courier New;verticalAlign=middle" vertex="1" parent="1">
      <mxGeometry x="1545" y="725" width="90" height="85" as="geometry"/>
    </mxCell>
    <mxCell id="103" value="&lt;p&gt;&lt;span&gt;بر اثر چنین تلقین و شستشوی مغزی جامعی، سطح و پایه&amp;zwnj;ی ذهن و فهم و نظر بعضی اشخاص واژگونه و معکوس می&amp;zwnj;شود.&amp;rlm;&lt;/span&gt;&lt;/p&gt;" style="html=1;whiteSpace=wrap;fontStyle=0;fontSize=12;fontFamily=Courier New;verticalAlign=middle" vertex="1" parent="1">
      <mxGeometry x="1655" y="725" width="90" height="130" as="geometry"/>
    </mxCell>
    <mxCell id="104" value="&lt;p&gt;&lt;span&gt;Mus d&#39;fh&amp;agrave;g C&amp;egrave;it-&amp;Ugrave;na r&amp;ograve;p &amp;Igrave; le ob.&lt;/span&gt;&lt;/p&gt;" style="html=1;whiteSpace=wrap;fontStyle=0;fontSize=12;fontFamily=Courier New;verticalAlign=middle" vertex="1" parent="1">
      <mxGeometry x="1775" y="725" width="90" height="50" as="geometry"/>
    </mxCell>
    <mxCell id="105" value="&lt;p&gt;&lt;span&gt;بر اثر چنین تلقین و شستشوی مغزی جامعی، سطح و پایه&amp;zwnj;ی ذهن و فهم و نظر بعضی اشخاص واژگونه و معکوس می&amp;zwnj;شود.&amp;rlm;&lt;/span&gt;&lt;/p&gt;" style="html=1;whiteSpace=wrap;fontStyle=0;fontSize=12;fontFamily=Courier New;verticalAlign=middle" vertex="1" parent="1">
      <mxGeometry x="1895" y="725" width="105" height="120" as="geometry"/>
    </mxCell>
    <mxCell id="106" value="&lt;p&gt;&lt;span&gt;Pijamalı hasta yağız şof&amp;ouml;re &amp;ccedil;abucak g&amp;uuml;vendi&lt;/span&gt;&lt;/p&gt;" style="html=1;whiteSpace=wrap;fontStyle=0;fontSize=12;fontFamily=Courier New;verticalAlign=middle" vertex="1" parent="1">
      <mxGeometry x="2025" y="725" width="90" height="80" as="geometry"/>
    </mxCell>
    <mxCell id="107" value="&lt;p&gt;&lt;span&gt;ژالہ باری میں ر&amp;zwnj;ضائی کو غلط اوڑھے بیٹھی قرۃ العین اور عظمٰی کے پاس گھر کے ذخیرے سے آناً فاناً ڈش میں ثابت جو، صراحی میں چائے اور پلیٹ میں زردہ آیا۔&lt;/span&gt;&lt;/p&gt;" style="html=1;whiteSpace=wrap;fontStyle=0;fontSize=12;fontFamily=Courier New;verticalAlign=middle" vertex="1" parent="1">
      <mxGeometry x="2147" y="725" width="143" height="120" as="geometry"/>
    </mxCell>
  </root>
</mxGraphModel>