<mxGraphModel style="default-style2"><root><mxCell id="0"/><mxCell id="1" parent="0"/><mxCell id="2" value="Text" style="text" vertex="1" parent="1"><mxGeometry x="10" y="10" width="180" height="50" as="geometry"/></mxCell><mxCell id="3" value="Text" style="text;fontStyle=7" vertex="1" parent="1"><mxGeometry x="230" y="20" width="130" height="50" as="geometry"/></mxCell><mxCell id="4" value="Some dumb text to fill out this never to get filled text box. Since it still isn't filled, I have to write more, but I'm out of ideas. Now I'm nearing the end, but better to write some more, because the testing would be better if I write more dumb text in here. Well, I think this will be enough." style="text" vertex="1" parent="1"><mxGeometry x="10" y="60" width="180" height="90" as="geometry"/></mxCell><mxCell id="5" value="Some dumb text to fill out this never to get filled text box. Since it still isn't filled, I have to write more, but I'm out of ideas. Now I'm nearing the end, but better to write some more, because the testing would be better if I write more dumb text in here. Well, I think this will be enough." style="text;align=center" vertex="1" parent="1"><mxGeometry x="910" y="110" width="180" height="90" as="geometry"/></mxCell><mxCell id="6" value="Some dumb text to fill out&#xa; this never to get filled text box.&#xa; Since it still isn't filled, I have&#xa; to write more, but I'm out &#xa;of ideas. Now I'm nearing&#xa; the end, but better to write some&#xa; more, because the testing &#xa;would be better if I write &#xa;more dumb text in here. &#xa;Well, I think this will be enough." style="text;align=center" vertex="1" parent="1"><mxGeometry x="80" y="190" width="180" height="90" as="geometry"/></mxCell><mxCell id="7" value="Some dumb text to fill out&#xa; this never to get filled text box.&#xa; Since it still isn't filled, I have&#xa; to write more, but I'm out &#xa;of ideas. Now I'm nearing&#xa; the end, but better to write some&#xa; more, because the testing &#xa;would be better if I write &#xa;more dumb text in here. &#xa;Well, I think this will be enough." style="text;align=right;verticalAlign=bottom" vertex="1" parent="1"><mxGeometry x="360" y="240" width="180" height="90" as="geometry"/></mxCell><mxCell id="8" value="Some dumb text to fill out&#xa; this never to get filled text box.&#xa; Since it still isn't filled, I have&#xa; to write more, but I'm out &#xa;of ideas. Now I'm nearing&#xa; the end, but better to write some&#xa; more, because the testing &#xa;would be better if I write &#xa;more dumb text in here. &#xa;Well, I think this will be enough." style="text;align=right;verticalAlign=bottom;fontStyle=3" vertex="1" parent="1"><mxGeometry x="640" y="235" width="180" height="90" as="geometry"/></mxCell><mxCell id="9" value="Some dumb text to fill out&#xa; this never to get filled text box.&#xa; Since it still isn't filled, I have&#xa; to write more, but I'm out &#xa;of ideas. Now I'm nearing&#xa; the end, but better to write some&#xa; more, because the testing &#xa;would be better if I write &#xa;more dumb text in here. &#xa;Well, I think this will be enough." style="text;align=right;verticalAlign=bottom;fontStyle=7" vertex="1" parent="1"><mxGeometry x="920" y="235" width="180" height="90" as="geometry"/></mxCell><mxCell id="10" value="Some dumb text to fill out&#xa; this never to get filled text box.&#xa; Since it still isn't filled, I have&#xa; to write more, but I'm out &#xa;of ideas. Now I'm nearing&#xa; the end, but better to write some&#xa; more, because the testing &#xa;would be better if I write &#xa;more dumb text in here. &#xa;Well, I think this will be enough." style="text;align=right;verticalAlign=bottom;fontStyle=3;gradientColor=#FFFF00;fontFamily=Times New Roman" vertex="1" parent="1"><mxGeometry x="1180" y="230" width="180" height="90" as="geometry"/></mxCell><mxCell id="11" value="Some dumb text to fill out&#xa; this never to get filled text box.&#xa; Since it still isn't filled, I have&#xa; to write more, but I'm out &#xa;of ideas. Now I'm nearing&#xa; the end, but better to write some&#xa; more, because the testing &#xa;would be better if I write &#xa;more dumb text in here. &#xa;Well, I think this will be enough." style="text;align=right;verticalAlign=bottom;fontStyle=3;gradientColor=#FFFF00;fontFamily=Garamond;fontSize=18" vertex="1" parent="1"><mxGeometry x="1480" y="310" width="180" height="90" as="geometry"/></mxCell><mxCell id="12" value="Some dumb text to fill out&#xa; this never to get filled text box.&#xa; Since it still isn't filled, I have&#xa; to write more, but I'm out &#xa;of ideas. Now I'm nearing&#xa; the end, but better to write some&#xa; more, because the testing &#xa;would be better if I write &#xa;more dumb text in here. &#xa;Well, I think this will be enough." style="text;align=center;verticalAlign=top;fontStyle=3;gradientColor=#FFFF00;fontFamily=Garamond;fontSize=18;textOpacity=50" vertex="1" parent="1"><mxGeometry x="100" y="420" width="180" height="90" as="geometry"/></mxCell><mxCell id="13" value="Some dumb text to fill out&#xa; this never to get filled text box.&#xa; Since it still isn't filled, I have&#xa; to write more, but I'm out &#xa;of ideas. Now I'm nearing&#xa; the end, but better to write some&#xa; more, because the testing &#xa;would be better if I write &#xa;more dumb text in here. &#xa;Well, I think this will be enough." style="text;align=right;verticalAlign=bottom;fontStyle=3;gradientColor=#FFFF00;fontFamily=Garamond;fontSize=18;horizontal=0" vertex="1" parent="1"><mxGeometry x="450" y="540" width="180" height="90" as="geometry"/></mxCell><mxCell id="14" value="Some dumb text to fill out&#xa; this never to get filled text box.&#xa; Since it still isn't filled, I have&#xa; to write more, but I'm out &#xa;of ideas. Now I'm nearing&#xa; the end, but better to write some&#xa; more, because the testing &#xa;would be better if I write &#xa;more dumb text in here. &#xa;Well, I think this will be enough." style="text;align=right;verticalAlign=bottom;fontStyle=3;gradientColor=#FFFF00;fontFamily=Garamond;fontSize=18;verticalLabelPosition=top" vertex="1" parent="1"><mxGeometry x="740" y="650" width="180" height="90" as="geometry"/></mxCell><mxCell id="15" value="Some dumb text to fill out&#xa; this never to get filled text box.&#xa; Since it still isn't filled, I have&#xa; to write more, but I'm out &#xa;of ideas. Now I'm nearing&#xa; the end, but better to write some&#xa; more, because the testing &#xa;would be better if I write &#xa;more dumb text in here. &#xa;Well, I think this will be enough." style="text;align=right;verticalAlign=bottom;fontStyle=3;gradientColor=#FFFF00;fontFamily=Garamond;fontSize=18;verticalLabelPosition=top;labelPosition=left" vertex="1" parent="1"><mxGeometry x="1190" y="610" width="180" height="90" as="geometry"/></mxCell><mxCell id="16" value="Some dumb text to fill out&#xa; this never to get filled text box.&#xa; Since it still isn't filled, I have&#xa; to write more, but I'm out &#xa;of ideas. Now I'm nearing&#xa; the end, but better to write some&#xa; more, because the testing &#xa;would be better if I write &#xa;more dumb text in here. &#xa;Well, I think this will be enough." style="text;align=right;verticalAlign=bottom;fontStyle=7;gradientColor=#FFFF00;fontFamily=Courier New;fontSize=18;verticalLabelPosition=top;dashed=1;spacingBottom=10" vertex="1" parent="1"><mxGeometry x="1550" y="690" width="180" height="90" as="geometry"/></mxCell><mxCell id="17" value="Some dumb text to fill out&#xa; this never to get filled text box.&#xa; Since it still isn't filled, I have&#xa; to write more, but I'm out &#xa;of ideas. Now I'm nearing&#xa; the end, but better to write some&#xa; more, because the testing &#xa;would be better if I write &#xa;more dumb text in here. &#xa;Well, I think this will be enough." style="text;align=right;verticalAlign=bottom;fontStyle=7" vertex="1" parent="1"><mxGeometry x="960" y="680" width="220" height="170" as="geometry"/></mxCell><mxCell id="18" value="Some dumb text to fill out&#xa; this never to get filled text box.&#xa; Since it still isn't filled, I have&#xa; to write more, but I'm out &#xa;of ideas. Now I'm nearing&#xa; the end, but better to write some&#xa; more, because the testing &#xa;would be better if I write &#xa;more dumb text in here. &#xa;Well, I think this will be enough." style="text;align=right;verticalAlign=bottom;fontStyle=7;direction=south" vertex="1" parent="1"><mxGeometry x="1305" y="695" width="170" height="220" as="geometry"/></mxCell><mxCell id="19" value="Some dumb text to fill out&#xa; this never to get filled text box.&#xa; Since it still isn't filled, I have&#xa; to write more, but I'm out &#xa;of ideas. Now I'm nearing&#xa; the end, but better to write some&#xa; more, because the testing &#xa;would be better if I write &#xa;more dumb text in here. &#xa;Well, I think this will be enough." style="text;align=right;verticalAlign=bottom;horizontal=0" vertex="1" parent="1"><mxGeometry x="1580" y="740" width="170" height="220" as="geometry"/></mxCell></root></mxGraphModel>