<mxGraphModel dx="800" dy="800" grid="1" guides="1" tooltips="1" connect="1" fold="1" page="1" pageScale="1" pageWidth="826" pageHeight="1169" style="default-style2"> <root> <mxCell id="0"/> <mxCell id="1" parent="0"/> <mxCell id="2" value="Double&#xa;Rounded Rectangle" style="shape=ext;double=1;rounded=1;whiteSpace=wrap" vertex="1" parent="1"> <mxGeometry x="90" y="120" width="120" height="60" as="geometry"/> </mxCell> <mxCell id="3" value="&lt;p style=&quot;margin:0px;margin-top:4px;text-align:center;&quot;&gt;&lt;b&gt;Class&lt;/b&gt;&lt;/p&gt;&lt;hr/&gt;&lt;p style=&quot;margin:0px;margin-left:4px;&quot;&gt;+ field: Type&lt;/p&gt;&lt;hr/&gt;&lt;p style=&quot;margin:0px;margin-left:4px;&quot;&gt;+ method(): Type&lt;/p&gt;" style="verticalAlign=top;align=left;overflow=fill;fontSize=12;fontFamily=Helvetica;html=1" vertex="1" parent="1"> <mxGeometry x="320" y="60" width="160" height="90" as="geometry"/> </mxCell> <mxCell id="4" value="Callout" style="strokeWidth=1;shape=mxgraph.mockup.text.callout;linkText=;textSize=17;textColor=#666666;callDir=NW;callStyle=line;fontSize=17;fontColor=#666666;align=left;verticalAlign=top;strokeColor=#666666;" vertex="1" parent="1"> <mxGeometry x="120" y="30" width="200" height="100" as="geometry"/> </mxCell> <mxCell id="5" value="Note Line 1&#xa;Note Line 2&#xa;Note Line 3" style="strokeWidth=1;shape=mxgraph.mockup.text.stickyNote;fontColor=#666666;mainText=;fontSize=17;whiteSpace=wrap;shadow=1" vertex="1" parent="1"> <mxGeometry x="260" y="190" width="200" height="200" as="geometry"/> </mxCell> </root> </mxGraphModel> 